<?xml version="1.0" encoding="UTF-8"?>
<!DOCTYPE hibernate-configuration PUBLIC "-//Hibernate/Hibernate Configuration DTD 3.0//EN" "http://hibernate.sourceforge.net/hibernate-configuration-3.0.dtd">
<hibernate-configuration>
  <session-factory>
    <property name="hibernate.dialect">org.hibernate.dialect.MySQLDialect</property>
    <property name="hibernate.show_sql">true</property>
    <!-- Conexión directa -->
    <property name="hibernate.connection.driver_class">com.mysql.jdbc.Driver</property>
    <property name="hibernate.connection.url">jdbc:mysql://localhost:3306/cursohibernate?zeroDateTimeBehavior=convertToNull</property>
    <property name="hibernate.connection.username">java2017</property>
    <property name="hibernate.connection.password">2017</property>
    
    <mapping resource="modelo/Profesor.hbm.xml"/>
    <!--<mapping class="es.albarregas.modelo.ProfesorAnotacion" />-->
    
  </session-factory>
</hibernate-configuration>
