<?xml version="1.0" encoding="UTF-8"?>
<!DOCTYPE hibernate-mapping PUBLIC "-//Hibernate/Hibernate Mapping DTD 3.0//EN" "http://hibernate.sourceforge.net/hibernate-mapping-3.0.dtd">
<hibernate-mapping>
    <class name="es.jesushm.modelos.Profesor" table="profsimple">
        <id name="id" type="integer">
            <column name="idProf"/>
            <generator class="identity"/>
        </id>
        <property name="nombre"/>
        <property name="ape1"/>
        <property name="ape2"/>
    </class>
</hibernate-mapping>
